"category_id","threshold_duration_time_in_mega_promotion"
"1","0"
"2","0"
"3","0"
"4","0"
"5","0"
"6","0"
"7","0"
"8","0"
"9","0"
"10","0"
"12","0"
"16","0"
"17","0"
"19","0"
"21","0"
"22","0"
"31","0"
"32","0"
"33","0"
"38","0"
"47","0"
"50","0"
"51","0"
"52","0"
"59","0"
"60","0"
"65","0"
"66","0"
"72","0"
"75","0"
"83","0"
"93","0"
"94","0"
"95","0"
"96","0"
"99","0"
"105","0"
"106","0"
"111","0"
"112","0"
"117","0"
"118","0"
"120","0"
"121","0"
"122","0"
"124","0"
"127","0"
"133","0"
"151","0"
"152","0"
"153","0"
"154","0"
"155","0"
"157","0"
"158","0"
"159","0"
"160","0"
"165","0"
"166","0"
"167","0"
"169","0"
"171","0"
"175","0"
"181","0"
"182","0"
"183","0"
"184","0"
"185","0"
"186","0"
"187","0"
"188","0"
"198","0"
"199","0"
"202","0"
"205","0"
"206","0"
"207","0"
"222","0"
"223","0"
"224","0"
"225","0"
"227","0"
"228","0"
"229","0"
"230","0"
"1263","0"
"1264","0"
"1269","0"
"1270","0"
"1273","0"
"1280","0"
"1281","0"
"1282","0"
"1290","0"
"1310","0"
"1318","0"
"1319","0"
"1321","0"
"1322","0"
"1323","0"
"1324","0"
"1326","0"
"1328","0"
"1341","0"
"1342","0"
"2348","0"
"2350","0"
"2353","0"
"2355","0"
"2356","0"
"2392","0"
"2411","0"
"2412","0"
"2414","0"
"3356","0"
"3374","0"
"3425","0"
"3519","0"
"3526","0"
"3527","0"
"3528","0"
"3529","0"
"3530","0"
"3531","0"
"5581","0"
"5597","0"
"5598","0"
"5599","0"
"5643","0"
"5656","0"
"5700","0"
"5701","0"
"5702","0"
"5722","0"
"5731","0"
"5737","0"
"5740","0"
"5748","0"
"5753","0"
"5772","0"
"5787","0"
"5791","0"
"5805","0"
"5809","0"
"5810","0"
"5816","0"
"5817","0"
"5820","0"
"5822","0"
"5824","0"
"5850","0"
"5852","0"
"5853","0"
"5854","0"
"5855","0"
"5856","0"
"5858","0"
"5860","0"
"5861","0"
"5866","0"
"5868","0"
"5869","0"
"5875","0"
"5877","0"
"5878","0"
"5879","0"
"5898","0"
"5899","0"
"5900","0"
"5904","0"
"5905","0"
"5906","0"
"5907","0"
"5916","0"
"5917","0"
"5920","0"
"5923","0"
"5924","0"
"5925","0"
"5926","0"
"5927","0"
"5931","0"
"5932","0"
"5933","0"
"5934","0"
"5935","0"
"5936","0"
"5937","0"
"5938","0"
"5939","0"
"5940","0"
"5941","0"
"5942","0"
"5943","0"
"5944","0"
"5945","0"
"5946","0"
"5947","0"
"5948","0"
"5949","0"
"5950","0"
"5952","0"
"5953","0"
"5954","0"
"5955","0"
"5956","0"
"5957","0"
"5958","0"
"5959","0"
"5961","0"
"5963","0"
"5965","0"
"5966","0"
"5967","0"
"5968","0"
"5970","0"
"5971","0"
"5972","0"
"5973","0"
"5974","0"
"5975","0"
"5977","0"
"5981","0"
"6010","0"
"6011","0"
"6015","0"
"6020","0"
"6026","0"
"6027","0"
"6028","0"
"6031","0"
"6034","0"
"6036","0"
"6037","0"
"6038","0"
"6039","0"
"6050","0"
"6052","0"
"6053","0"
"6054","0"
"6056","0"
"6058","0"
"6060","0"
"6061","0"
"6062","0"
"6063","0"
"6071","0"
"6072","0"
"6073","0"
"6075","0"
"6080","0"
"6089","0"
"6090","0"
"6091","0"
"6095","0"
"6107","0"
"6110","0"
"6111","0"
"6112","0"
"6124","0"
"6125","0"
"6134","0"
"6135","0"
"6142","0"
"6145","0"
"6146","0"
"6147","0"
"6153","0"
"6158","0"
"6159","0"
"6160","0"
"6162","0"
"6175","0"
"6181","0"
"6188","0"
"6193","0"
"6196","0"
"6198","0"
"6199","0"
"6200","0"
"6201","0"
"6207","0"
"6208","0"
"6212","0"
"6213","0"
"6214","0"
"6215","0"
"6219","0"
"6222","0"
"6226","0"
"6227","0"
"6230","0"
"6231","0"
"6246","0"
"6249","0"
"6250","0"
"6251","0"
"6252","0"
"6253","0"
"6254","0"
"6256","0"
"6257","0"
"6260","0"
"6262","0"
"6263","0"
"6264","0"
"6267","0"
"6274","0"
"6286","0"
"6288","0"
"6290","0"
"6291","0"
"6296","0"
"6300","0"
"6308","0"
"6309","0"
"6310","0"
"6314","0"
"6320","0"
"6349","0"
"6365","0"
"6366","0"
"6389","0"
"6394","0"
"6396","0"
"6398","0"
"6399","0"
"6404","0"
"6405","0"
"6415","0"
"6419","0"
"6425","0"
"6428","0"
"6433","0"
"6434","0"
"6436","0"
"6437","0"
"6443","0"
"6451","0"
"6456","0"
"6464","0"
"6465","0"
"6466","0"
"6468","0"
"6470","0"
"6471","0"
"6476","0"
"6486","0"
"6495","0"
"6500","0"
"6506","0"
"6511","0"
"6513","0"
"6520","0"
"6522","0"
"6524","0"
"6548","0"
"6549","0"
"6550","0"
"6551","0"
"6552","0"
"6553","0"
"6555","0"
"6562","0"
"6563","0"
"6564","0"
"6566","0"
"6567","0"
"6569","0"
"6572","0"
"6573","0"
"6579","0"
"6586","0"
"6589","0"
"6593","0"
"6603","0"
"6606","0"
"6607","0"
"6615","0"
"6616","0"
"6619","0"
"6624","0"
"6628","0"
"6632","0"
"6635","0"
"6641","0"
"6643","0"
"6644","0"
"6645","0"
"6647","0"
"6650","0"
"6651","0"
"6652","0"
"6653","0"
"6655","0"
"6657","0"
"6667","0"
"6669","0"
"6680","0"
"6682","0"
"6684","0"
"6686","0"
"6687","0"
"6688","0"
"6689","0"
"6690","0"
"6692","0"
"6694","0"
"6695","0"
"6699","0"
"6700","0"
"6701","0"
"6702","0"
"6703","0"
"6704","0"
"6705","0"
"6706","0"
"6707","0"
"6708","0"
"6710","0"
"6712","0"
"6713","0"
"6715","0"
"6716","0"
"6717","0"
"6718","0"
"6721","0"
"6723","0"
"6735","0"
"6737","0"
"6738","0"
"6741","0"
"6742","0"
"6744","0"
"6753","0"
"6758","0"
"6760","0"
"6769","0"
"6775","0"
"6776","0"
"6784","0"
"6787","0"
"6789","0"
"6796","0"
"6797","0"
"6803","0"
"6812","0"
"6814","0"
"6815","0"
"6816","0"
"6817","0"
"6819","0"
"6820","0"
"6821","0"
"6822","0"
"6826","0"
"6827","0"
"6828","0"
"6830","0"
"6833","0"
"6834","0"
"6836","0"
"6837","0"
"6841","0"
"6842","0"
"6846","0"
"6847","0"
"6849","0"
"6854","0"
"6855","0"
"6856","0"
"6857","0"
"6858","0"
"6859","0"
"6860","0"
"6861","0"
"6862","0"
"6865","0"
"6866","0"
"6873","0"
"6874","0"
"6875","0"
"6876","0"
"6877","0"
"6879","0"
"6886","0"
"6890","0"
"6891","0"
"6905","0"
"6908","0"
"6912","0"
"6919","0"
"6922","0"
"6930","0"
"6936","0"
"6938","0"
"6940","0"
"6945","0"
"6947","0"
"6948","0"
"6952","0"
"6953","0"
"6962","0"
"6965","0"
"6966","0"
"6967","0"
"6971","0"
"6972","0"
"6973","0"
"8013","0"
"8014","0"
"8015","0"
"8017","0"
"8018","0"
"8019","0"
"8098","0"
"8099","0"
"8102","0"
"8111","0"
"8112","0"
"8113","0"
"8114","0"
"8131","0"
"8136","0"
"8142","0"
"8143","0"
"8162","0"
"8163","0"
"8166","0"
"8171","0"
"8182","0"
"8189","0"
"8196","0"
"8206","0"
"8207","0"
"8208","0"
"8213","0"
"8214","0"
"8216","0"
"8217","0"
"8232","0"
"8237","0"
"8241","0"
"8259","0"
"8269","0"
"8271","0"
"8274","0"
"8275","0"
"8279","0"
"8281","0"
"8299","0"
"8312","0"
"8314","0"
"8315","0"
"8316","0"
"8317","0"
"8318","0"
"8319","0"
"8320","0"
"8323","0"
"8324","0"
"8325","0"
"8329","0"
"8333","0"
"8337","0"
"8346","0"
"8353","0"
"8356","0"
"8362","0"
"8364","0"
"8373","0"
"8379","0"
"8380","0"
"8381","0"
"8383","0"
"8389","0"
"8391","0"
"8392","0"
"8403","0"
"8409","0"
"8410","0"
"8412","0"
"8417","0"
"8418","0"
"8420","0"
"8421","0"
"8428","0"
"8429","0"
"8442","0"
"8444","0"
"8446","0"
"8450","0"
"8451","0"
"8452","0"
"8453","0"
"8460","0"
"8462","0"
"8465","0"
"8466","0"
"8473","0"
"8481","0"
"8482","0"
"8485","0"
"8486","0"
"8490","0"
"8491","0"
"8493","0"
"8514","0"
"8522","0"
"8556","0"
"8559","0"
"8562","0"
"8563","0"
"8565","0"
"8566","0"
"8568","0"
"8569","0"
"8570","0"
"8571","0"
"8573","0"
"8575","0"
"8577","0"
"8581","0"
"8582","0"
"8584","0"
"8585","0"
"8586","0"
"8589","0"
"8592","0"
"8595","0"
"8597","0"
"8598","0"
"8599","0"
"8601","0"
"8602","0"
"8603","0"
"8606","0"
"8609","0"
"8614","0"
"8617","0"
"8626","0"
"8629","0"
"8630","0"
"8632","0"
"8633","0"
"8638","0"
"8644","0"
"8645","0"
"8646","0"
"8652","0"
"8657","0"
"8661","0"
"8663","0"
"8667","0"
"8671","0"
"8676","0"
"8681","0"
"8692","0"
"8695","0"
"8696","0"
"8697","0"
"8699","0"
"8705","0"
"8706","0"
"8708","0"
"8714","0"
"8719","0"
"8724","0"
"8727","0"
"8730","0"
"8735","0"
"8737","0"
"8743","0"
"8744","0"
"8746","0"
"8749","0"
"8752","0"
"8753","0"
"8754","0"
"8755","0"
"8757","0"
"8759","0"
"8760","0"
"8762","0"
"8763","0"
"8764","0"
"8765","0"
"8766","0"
"8768","0"
"8770","0"
"8771","0"
"8779","0"
"8781","0"
"8782","0"
"8784","0"
"8786","0"
"8789","0"
"8792","0"
"8793","0"
"8796","0"
"8803","0"
"8808","0"
"8809","0"
"8810","0"
"8814","0"
"8815","0"
"8816","0"
"8818","0"
"8820","0"
"8821","0"
"8822","0"
"8825","0"
"8829","0"
"8834","0"
"8852","0"
"8895","0"
"8896","0"
"8897","0"
"8898","0"
"8899","0"
"8906","0"
"8907","0"
"8908","0"
"8910","0"
"8911","0"
"8915","0"
"8916","0"
"8923","0"
"8925","0"
"8927","0"
"8928","0"
"8937","0"
"8940","0"
"8945","0"
"8993","0"
"8994","0"
"9000","0"
"9011","0"
"9013","0"
"9014","0"
"9016","0"
"9093","0"
"9188","0"
"9191","0"
"9192","0"
"9205","0"
"9206","0"
"9207","0"
"9208","0"
"9209","0"
"9211","0"
"9213","0"
"9214","0"
"9215","0"
"9217","0"
"9218","0"
"9223","0"
"9229","0"
"9234","0"
"9239","0"
"9240","0"
"9244","0"
"9255","0"
"9264","0"
"9270","0"
"9271","0"
"9273","0"
"9276","0"
"9282","0"
"9283","0"
"9285","0"
"9292","0"
"9295","0"
"9305","0"
"9310","0"
"9312","0"
"9313","0"
"9315","0"
"9322","0"
"9333","0"
"9334","0"
"9336","0"
"9337","0"
"9341","0"
"9343","0"
"9353","0"
"9354","0"
"9365","0"
"9380","0"
"9387","0"
"9400","0"
"9414","0"
"9416","0"
"9419","0"
"9430","0"
"9432","0"
"9435","0"
"9436","0"
"9442","0"
"9446","0"
"9449","0"
"9457","0"
"9466","0"
"9469","0"
"9476","0"
"9487","0"
"9494","0"
"9495","0"
"9497","0"
"9498","0"
"9499","0"
"9500","0"
"9502","0"
"9503","0"
"9505","0"
"9513","0"
"9515","0"
"9522","0"
"9523","0"
"9526","0"
"9528","0"
"9531","0"
"9532","0"
"9534","0"
"9540","0"
"9547","0"
"9548","0"
"9549","0"
"9552","0"
"9553","0"
"9554","0"
"9555","0"
"9557","0"
"9562","0"
"9563","0"
"9565","0"
"9568","0"
"9575","0"
"9577","0"
"9586","0"
"9590","0"
"9592","0"
"9593","0"
"9594","0"
"9595","0"
"9596","0"
"9597","0"
"9598","0"
"9600","0"
"9603","0"
"9608","0"
"9611","0"
"9613","0"
"9615","0"
"9620","0"
"9625","0"
"9626","0"
"9627","0"
"9632","0"
"9636","0"
"9640","0"
"9646","0"
"9653","0"
"9656","0"
"9657","0"
"9663","0"
"9667","0"
"9670","0"
"9675","0"
"9680","0"
"9683","0"
"9688","0"
"9689","0"
"9692","0"
"9699","0"
"9702","0"
"9703","0"
"9706","0"
"9708","0"
"9713","0"
"9714","0"
"9717","0"
"9719","0"
"9724","0"
"9726","0"
"9727","0"
"9729","0"
"9730","0"
"9731","0"
"9732","0"
"9733","0"
"9734","0"
"9735","0"
"9736","0"
"9737","0"
"9738","0"
"9740","0"
"9741","0"
"9742","0"
"9743","0"
"9745","0"
"9748","0"
"9749","0"
"9750","0"
"9756","0"
"9758","0"
"9762","0"
"9764","0"
"9771","0"
"9772","0"
"9780","0"
"9782","0"
"9786","0"
"9790","0"
"9793","0"
"9797","0"
"9800","0"
"9806","0"
"9807","0"
"9808","0"
"9809","0"
"9810","0"
"9815","0"
"9816","0"
"9817","0"
"9818","0"
"9819","0"
"9820","0"
"9821","0"
"9822","0"
"9823","0"
"9824","0"
"9825","0"
"9826","0"
"9827","0"
"9828","0"
"9829","0"
"9832","0"
"9834","0"
"9837","0"
"9844","0"
"9845","0"
"9846","0"
"9849","0"
"9851","0"
"9852","0"
"9862","0"
"9868","0"
"9871","0"
"9873","0"
"9874","0"
"9876","0"
"9879","0"
"9885","0"
"9890","0"
"9903","0"
"9905","0"
"9909","0"
"9913","0"
"9915","0"
"9918","0"
"9920","0"
"9921","0"
"9926","0"
"9939","0"
"9944","0"
"9945","0"
"9947","0"
"9948","0"
"9960","0"
"9971","0"
"9972","0"
"9973","0"
"9974","0"
"9975","0"
"9976","0"
"9977","0"
"9978","0"
"9979","0"
"9981","0"
"9983","0"
"9984","0"
"9987","0"
"9988","0"
"9993","0"
"9995","0"
"9996","0"
"9997","0"
"9998","0"
"9999","0"
"10000","0"
"10001","0"
"10002","0"
"10003","0"
"10004","0"
"10005","0"
"10006","0"
"10008","0"
"10012","0"
"10013","0"
"10014","0"
"10015","0"
"10016","0"
"10026","0"
"10028","0"
"10029","0"
"10030","0"
"10032","0"
"10033","0"
"10034","0"
"10036","0"
"10037","0"
"10038","0"
"10039","0"
"10040","0"
"10045","0"
"10048","0"
"10049","0"
"10050","0"
"10051","0"
"10058","0"
"10059","0"
"10061","0"
"10063","0"
"10067","0"
"10069","0"
"10070","0"
"10071","0"
"10074","0"
"10075","0"
"10077","0"
"10079","0"
"10081","0"
"10085","0"
"10086","0"
"10087","0"
"10089","0"
"10090","0"
"10101","0"
"10310","0"
"10116","0"
"10197","0"
"10156","0"
"10309","0"
"10379","0"
"10380","0"
"10381","0"
"10382","0"
"10387","0"
"10389","0"
"10393","0"
"10394","0"
"10395","0"
"10396","0"
"10398","0"
"10399","0"
"10400","0"
"10402","0"
"10404","0"
"10406","0"
"10409","0"
"10410","0"
"10411","0"
"10412","0"
"10413","0"
"10443","0"
"10444","0"
"10445","0"
"10446","0"
"10447","0"
"10448","0"
"10450","0"
"10451","0"
"10452","0"
"10454","0"
"10295","0"
"10378","0"
"10397","0"
"10401","0"
"10122","0"
"10134","0"
"10326","0"
"10327","0"
"10328","0"
"10329","0"
"10330","0"
"10331","0"
"10332","0"
"10333","0"
"10334","0"
"10335","0"
"10336","0"
"10337","0"
"10338","0"
"10340","0"
"10349","0"
"10351","0"
"10352","0"
"10353","0"
"10354","0"
"10355","0"
"10356","0"
"10357","0"
"10358","0"
"10359","0"
"10360","0"
"10361","0"
"10362","0"
"10363","0"
"10103","0"
"10105","0"
"10106","0"
"10123","0"
"10124","0"
"10126","0"
"10151","0"
"10186","0"
"10339","0"
"10341","0"
"10342","0"
"10343","0"
"10344","0"
"10346","0"
"10347","0"
"10348","0"
"10350","0"
"10386","0"
"10403","0"
"10118","0"
"10098","0"
"10099","0"
"10314","0"
"10140","0"
"10145","0"
"10146","0"
"10147","0"
"10152","0"
"10311","0"
"10313","0"
"10107","0"
"10148","0"
"10132","0"
"10414","0"
"10131","0"
"10370","0"
"10166","0"
"10364","0"
"10290","0"
"10292","0"
"10294","0"
"10298","0"
"10300","0"
"10303","0"
"10304","0"
"10093","0"
"10096","0"
"10133","0"
"10137","0"
"10138","0"
"10153","0"
"10167","0"
"10189","0"
"10190","0"
"10191","0"
"10192","0"
"10193","0"
"10194","0"
"10196","0"
"10198","0"
"10199","0"
"10200","0"
"10202","0"
"10203","0"
"10204","0"
"10205","0"
"10206","0"
"10207","0"
"10209","0"
"10210","0"
"10212","0"
"10213","0"
"10215","0"
"10216","0"
"10217","0"
"10218","0"
"10219","0"
"10221","0"
"10222","0"
"10223","0"
"10224","0"
"10225","0"
"10226","0"
"10227","0"
"10228","0"
"10229","0"
"10230","0"
"10231","0"
"10233","0"
"10234","0"
"10235","0"
"10236","0"
"10237","0"
"10238","0"
"10239","0"
"10240","0"
"10241","0"
"10242","0"
"10243","0"
"10244","0"
"10245","0"
"10246","0"
"10248","0"
"10249","0"
"10250","0"
"10251","0"
"10252","0"
"10253","0"
"10254","0"
"10255","0"
"10256","0"
"10257","0"
"10258","0"
"10259","0"
"10260","0"
"10261","0"
"10262","0"
"10263","0"
"10264","0"
"10265","0"
"10266","0"
"10267","0"
"10268","0"
"10269","0"
"10270","0"
"10271","0"
"10272","0"
"10273","0"
"10274","0"
"10275","0"
"10276","0"
"10277","0"
"10278","0"
"10279","0"
"10280","0"
"10281","0"
"10282","0"
"10283","0"
"10368","0"
"10383","0"
"10453","0"
"10455","0"
"10104","0"
"10371","0"
"10120","0"
"10121","0"
"10130","0"
"10188","0"
"10097","0"
"10155","0"
"10302","0"
"10388","0"
"10390","0"
"10391","0"
"10392","0"
"10405","0"
"10407","0"
"10408","0"
"10449","0"
"10287","0"
"10288","0"
"10289","0"
"10291","0"
"10293","0"
"10296","0"
"10297","0"
"10299","0"
"10301","0"
"10305","0"
"10306","0"
"10307","0"
"10092","0"
"10094","0"
"10109","0"
"10110","0"
"10111","0"
"10113","0"
"10114","0"
"10115","0"
"10129","0"
"10135","0"
"10136","0"
"10139","0"
"10141","0"
"10142","0"
"10144","0"
"10154","0"
"10315","0"
"10366","0"
"10457","0"
"10108","0"
"10367","0"
"10100","0"
"10127","0"
"10317","0"
"10459","0"
"10460","0"
"10465","0"
"10472","0"
"10473","0"
"10475","0"
"10476","0"
"10481","0"
"10482","0"
"10487","0"
"10498","0"
"11","7"
"5918","7"
"6768","7"
"6920","7"
"6926","7"
"6927","7"
"6931","7"
"6932","7"
"6941","7"
"8120","7"
"8349","7"
"8358","7"
"8588","7"
"8901","7"
"8904","7"
"8909","7"
"8929","7"
"8947","7"
"8948","7"
"9210","7"
"9212","7"
"9227","7"
"9230","7"
"9231","7"
"9241","7"
"9386","7"
"9388","7"
"9389","7"
"9390","7"
"9391","7"
"9392","7"
"9393","7"
"9394","7"
"9395","7"
"9396","7"
"9397","7"
"9700","7"
"9704","7"
"9705","7"
"9710","7"
"9811","7"
"9812","7"
"9813","7"
"9922","7"
"9923","7"
"9924","7"
"9949","7"
"9950","7"
"9951","7"
"9952","7"
"9953","7"
"9963","7"
"9964","7"
"9982","7"
"9985","7"
"9991","7"
"9992","7"
"9994","7"
"10083","7"
"15","14"
"174","14"
"6035","14"
"6042","14"
"6043","14"
"6051","14"
"6057","14"
"6059","14"
"6076","14"
"6081","14"
"6082","14"
"6083","14"
"6094","14"
"6096","14"
"6097","14"
"6098","14"
"6100","14"
"6103","14"
"6104","14"
"6106","14"
"6108","14"
"6109","14"
"6113","14"
"6115","14"
"6117","14"
"6118","14"
"6120","14"
"6121","14"
"6122","14"
"6123","14"
"6126","14"
"6127","14"
"6128","14"
"6133","14"
"6143","14"
"6152","14"
"6179","14"
"6202","14"
"6203","14"
"6241","14"
"6292","14"
"6400","14"
"6418","14"
"6432","14"
"6435","14"
"6446","14"
"6543","14"
"6618","14"
"6772","14"
"6774","14"
"6777","14"
"6779","14"
"6788","14"
"6798","14"
"6799","14"
"6801","14"
"6808","14"
"6809","14"
"6811","14"
"6853","14"
"6916","14"
"6955","14"
"8016","14"
"8020","14"
"8110","14"
"8123","14"
"8174","14"
"8215","14"
"8218","14"
"8219","14"
"8220","14"
"8221","14"
"8222","14"
"8223","14"
"8224","14"
"8225","14"
"8227","14"
"8228","14"
"8229","14"
"8230","14"
"8231","14"
"8233","14"
"8240","14"
"8288","14"
"8306","14"
"8338","14"
"8351","14"
"8357","14"
"8359","14"
"8372","14"
"8419","14"
"8436","14"
"8437","14"
"8438","14"
"8439","14"
"8441","14"
"8471","14"
"8593","14"
"8600","14"
"8613","14"
"8615","14"
"8631","14"
"8682","14"
"8687","14"
"8710","14"
"8721","14"
"8722","14"
"8723","14"
"9017","14"
"9018","14"
"9083","14"
"9243","14"
"9281","14"
"9491","14"
"9870","14"
"10056","14"
"13","30"
"14","30"
"18","30"
"20","30"
"23","30"
"24","30"
"25","30"
"26","30"
"27","30"
"28","30"
"29","30"
"30","30"
"34","30"
"35","30"
"36","30"
"37","30"
"39","30"
"40","30"
"41","30"
"42","30"
"43","30"
"44","30"
"45","30"
"46","30"
"48","30"
"49","30"
"53","30"
"54","30"
"55","30"
"56","30"
"57","30"
"58","30"
"62","30"
"63","30"
"64","30"
"67","30"
"68","30"
"69","30"
"70","30"
"74","30"
"76","30"
"77","30"
"79","30"
"80","30"
"81","30"
"82","30"
"84","30"
"86","30"
"87","30"
"88","30"
"89","30"
"91","30"
"97","30"
"98","30"
"100","30"
"101","30"
"102","30"
"103","30"
"104","30"
"107","30"
"108","30"
"109","30"
"110","30"
"113","30"
"114","30"
"115","30"
"116","30"
"119","30"
"123","30"
"125","30"
"126","30"
"129","30"
"132","30"
"134","30"
"139","30"
"140","30"
"141","30"
"142","30"
"143","30"
"144","30"
"145","30"
"146","30"
"150","30"
"156","30"
"162","30"
"163","30"
"164","30"
"168","30"
"173","30"
"193","30"
"194","30"
"195","30"
"196","30"
"197","30"
"200","30"
"201","30"
"204","30"
"208","30"
"209","30"
"210","30"
"211","30"
"213","30"
"216","30"
"218","30"
"219","30"
"221","30"
"1271","30"
"1272","30"
"1274","30"
"1289","30"
"1291","30"
"1292","30"
"1293","30"
"1317","30"
"1343","30"
"1344","30"
"1345","30"
"1346","30"
"2354","30"
"2391","30"
"2393","30"
"2396","30"
"2397","30"
"2398","30"
"2400","30"
"2401","30"
"2402","30"
"2403","30"
"2404","30"
"2405","30"
"2406","30"
"2407","30"
"2408","30"
"2409","30"
"2410","30"
"3347","30"
"3349","30"
"3354","30"
"3355","30"
"3357","30"
"3358","30"
"3359","30"
"3545","30"
"4577","30"
"4580","30"
"4581","30"
"5582","30"
"5585","30"
"5586","30"
"5589","30"
"5590","30"
"5604","30"
"5609","30"
"5695","30"
"5697","30"
"5698","30"
"5699","30"
"5721","30"
"5725","30"
"5726","30"
"5738","30"
"5743","30"
"5745","30"
"5746","30"
"5750","30"
"5751","30"
"5752","30"
"5773","30"
"5774","30"
"5775","30"
"5776","30"
"5777","30"
"5778","30"
"5779","30"
"5780","30"
"5781","30"
"5782","30"
"5783","30"
"5784","30"
"5785","30"
"5786","30"
"5788","30"
"5789","30"
"5790","30"
"5792","30"
"5793","30"
"5794","30"
"5795","30"
"5796","30"
"5797","30"
"5798","30"
"5800","30"
"5801","30"
"5803","30"
"5804","30"
"5806","30"
"5807","30"
"5808","30"
"5812","30"
"5814","30"
"5815","30"
"5818","30"
"5821","30"
"5829","30"
"5830","30"
"5831","30"
"5832","30"
"5844","30"
"5845","30"
"5848","30"
"5849","30"
"5857","30"
"5859","30"
"5862","30"
"5863","30"
"5864","30"
"5865","30"
"5867","30"
"5870","30"
"5871","30"
"5872","30"
"5874","30"
"5876","30"
"5880","30"
"5885","30"
"5886","30"
"5888","30"
"5896","30"
"5897","30"
"5902","30"
"5903","30"
"5908","30"
"5909","30"
"5910","30"
"5911","30"
"5912","30"
"5913","30"
"5914","30"
"5919","30"
"5921","30"
"5922","30"
"5928","30"
"5929","30"
"5930","30"
"5960","30"
"5962","30"
"5964","30"
"5979","30"
"5980","30"
"5982","30"
"5983","30"
"5984","30"
"5985","30"
"5986","30"
"5987","30"
"5988","30"
"5989","30"
"5992","30"
"5993","30"
"5994","30"
"5998","30"
"6000","30"
"6004","30"
"6005","30"
"6012","30"
"6013","30"
"6014","30"
"6016","30"
"6017","30"
"6018","30"
"6019","30"
"6021","30"
"6022","30"
"6023","30"
"6024","30"
"6025","30"
"6029","30"
"6030","30"
"6032","30"
"6033","30"
"6044","30"
"6048","30"
"6055","30"
"6074","30"
"6077","30"
"6078","30"
"6079","30"
"6084","30"
"6085","30"
"6086","30"
"6087","30"
"6088","30"
"6099","30"
"6102","30"
"6105","30"
"6116","30"
"6119","30"
"6129","30"
"6130","30"
"6131","30"
"6132","30"
"6136","30"
"6137","30"
"6138","30"
"6139","30"
"6140","30"
"6141","30"
"6144","30"
"6148","30"
"6149","30"
"6151","30"
"6154","30"
"6155","30"
"6156","30"
"6157","30"
"6163","30"
"6164","30"
"6165","30"
"6166","30"
"6167","30"
"6168","30"
"6169","30"
"6170","30"
"6171","30"
"6172","30"
"6173","30"
"6176","30"
"6177","30"
"6178","30"
"6184","30"
"6185","30"
"6186","30"
"6187","30"
"6189","30"
"6190","30"
"6191","30"
"6192","30"
"6194","30"
"6195","30"
"6204","30"
"6205","30"
"6206","30"
"6209","30"
"6210","30"
"6216","30"
"6218","30"
"6220","30"
"6221","30"
"6223","30"
"6224","30"
"6228","30"
"6229","30"
"6232","30"
"6233","30"
"6235","30"
"6236","30"
"6238","30"
"6239","30"
"6240","30"
"6242","30"
"6243","30"
"6244","30"
"6245","30"
"6247","30"
"6255","30"
"6258","30"
"6261","30"
"6265","30"
"6266","30"
"6268","30"
"6269","30"
"6270","30"
"6272","30"
"6273","30"
"6275","30"
"6276","30"
"6277","30"
"6278","30"
"6279","30"
"6280","30"
"6281","30"
"6282","30"
"6283","30"
"6285","30"
"6287","30"
"6289","30"
"6294","30"
"6295","30"
"6297","30"
"6298","30"
"6299","30"
"6301","30"
"6302","30"
"6303","30"
"6304","30"
"6305","30"
"6306","30"
"6307","30"
"6311","30"
"6312","30"
"6313","30"
"6315","30"
"6316","30"
"6317","30"
"6318","30"
"6319","30"
"6321","30"
"6322","30"
"6323","30"
"6324","30"
"6326","30"
"6327","30"
"6328","30"
"6329","30"
"6330","30"
"6331","30"
"6332","30"
"6333","30"
"6334","30"
"6335","30"
"6336","30"
"6337","30"
"6338","30"
"6339","30"
"6340","30"
"6341","30"
"6342","30"
"6343","30"
"6344","30"
"6345","30"
"6346","30"
"6347","30"
"6350","30"
"6351","30"
"6352","30"
"6354","30"
"6355","30"
"6356","30"
"6357","30"
"6359","30"
"6361","30"
"6362","30"
"6363","30"
"6364","30"
"6367","30"
"6368","30"
"6369","30"
"6370","30"
"6371","30"
"6390","30"
"6395","30"
"6397","30"
"6406","30"
"6407","30"
"6409","30"
"6410","30"
"6411","30"
"6412","30"
"6413","30"
"6414","30"
"6416","30"
"6417","30"
"6420","30"
"6421","30"
"6422","30"
"6423","30"
"6424","30"
"6426","30"
"6427","30"
"6429","30"
"6430","30"
"6431","30"
"6439","30"
"6440","30"
"6441","30"
"6442","30"
"6444","30"
"6450","30"
"6452","30"
"6454","30"
"6455","30"
"6457","30"
"6458","30"
"6459","30"
"6462","30"
"6463","30"
"6467","30"
"6469","30"
"6472","30"
"6474","30"
"6475","30"
"6478","30"
"6479","30"
"6480","30"
"6481","30"
"6482","30"
"6483","30"
"6484","30"
"6485","30"
"6487","30"
"6488","30"
"6489","30"
"6490","30"
"6493","30"
"6494","30"
"6496","30"
"6497","30"
"6498","30"
"6499","30"
"6501","30"
"6503","30"
"6505","30"
"6507","30"
"6508","30"
"6509","30"
"6510","30"
"6512","30"
"6515","30"
"6516","30"
"6517","30"
"6518","30"
"6523","30"
"6525","30"
"6527","30"
"6528","30"
"6529","30"
"6530","30"
"6531","30"
"6532","30"
"6533","30"
"6534","30"
"6535","30"
"6536","30"
"6537","30"
"6538","30"
"6539","30"
"6540","30"
"6542","30"
"6544","30"
"6545","30"
"6546","30"
"6547","30"
"6554","30"
"6556","30"
"6557","30"
"6558","30"
"6559","30"
"6560","30"
"6561","30"
"6565","30"
"6570","30"
"6571","30"
"6574","30"
"6576","30"
"6577","30"
"6578","30"
"6580","30"
"6581","30"
"6582","30"
"6583","30"
"6584","30"
"6585","30"
"6587","30"
"6588","30"
"6590","30"
"6591","30"
"6592","30"
"6594","30"
"6595","30"
"6596","30"
"6597","30"
"6598","30"
"6599","30"
"6600","30"
"6601","30"
"6602","30"
"6604","30"
"6605","30"
"6610","30"
"6611","30"
"6613","30"
"6614","30"
"6617","30"
"6620","30"
"6621","30"
"6622","30"
"6623","30"
"6625","30"
"6629","30"
"6630","30"
"6631","30"
"6633","30"
"6642","30"
"6654","30"
"6656","30"
"6658","30"
"6659","30"
"6660","30"
"6661","30"
"6662","30"
"6663","30"
"6664","30"
"6665","30"
"6666","30"
"6668","30"
"6670","30"
"6673","30"
"6674","30"
"6675","30"
"6676","30"
"6677","30"
"6678","30"
"6679","30"
"6722","30"
"6724","30"
"6725","30"
"6726","30"
"6727","30"
"6728","30"
"6734","30"
"6736","30"
"6739","30"
"6740","30"
"6743","30"
"6745","30"
"6746","30"
"6748","30"
"6749","30"
"6750","30"
"6751","30"
"6752","30"
"6755","30"
"6756","30"
"6757","30"
"6759","30"
"6761","30"
"6762","30"
"6764","30"
"6765","30"
"6766","30"
"6767","30"
"6770","30"
"6773","30"
"6778","30"
"6780","30"
"6781","30"
"6782","30"
"6786","30"
"6790","30"
"6792","30"
"6795","30"
"6802","30"
"6804","30"
"6805","30"
"6806","30"
"6807","30"
"6810","30"
"6813","30"
"6818","30"
"6823","30"
"6824","30"
"6825","30"
"6829","30"
"6831","30"
"6832","30"
"6835","30"
"6838","30"
"6839","30"
"6840","30"
"6845","30"
"6848","30"
"6850","30"
"6851","30"
"6852","30"
"6863","30"
"6864","30"
"6867","30"
"6869","30"
"6870","30"
"6871","30"
"6878","30"
"6881","30"
"6882","30"
"6883","30"
"6884","30"
"6885","30"
"6887","30"
"6888","30"
"6889","30"
"6892","30"
"6893","30"
"6894","30"
"6895","30"
"6896","30"
"6898","30"
"6899","30"
"6900","30"
"6901","30"
"6902","30"
"6903","30"
"6904","30"
"6906","30"
"6909","30"
"6910","30"
"6911","30"
"6913","30"
"6914","30"
"6915","30"
"6917","30"
"6918","30"
"6923","30"
"6924","30"
"6925","30"
"6928","30"
"6929","30"
"6934","30"
"6935","30"
"6937","30"
"6939","30"
"6942","30"
"6943","30"
"6944","30"
"6946","30"
"6949","30"
"6950","30"
"6951","30"
"6954","30"
"6956","30"
"6957","30"
"6958","30"
"6959","30"
"6960","30"
"6961","30"
"6963","30"
"6964","30"
"6974","30"
"6975","30"
"6976","30"
"6977","30"
"6978","30"
"8100","30"
"8101","30"
"8105","30"
"8122","30"
"8135","30"
"8137","30"
"8138","30"
"8139","30"
"8140","30"
"8141","30"
"8145","30"
"8146","30"
"8147","30"
"8156","30"
"8157","30"
"8159","30"
"8160","30"
"8161","30"
"8164","30"
"8165","30"
"8167","30"
"8168","30"
"8169","30"
"8170","30"
"8172","30"
"8173","30"
"8177","30"
"8178","30"
"8179","30"
"8180","30"
"8183","30"
"8184","30"
"8185","30"
"8186","30"
"8187","30"
"8188","30"
"8190","30"
"8191","30"
"8192","30"
"8193","30"
"8194","30"
"8197","30"
"8198","30"
"8199","30"
"8200","30"
"8201","30"
"8202","30"
"8203","30"
"8205","30"
"8209","30"
"8210","30"
"8235","30"
"8236","30"
"8246","30"
"8247","30"
"8248","30"
"8249","30"
"8250","30"
"8251","30"
"8252","30"
"8253","30"
"8254","30"
"8255","30"
"8256","30"
"8257","30"
"8258","30"
"8260","30"
"8264","30"
"8265","30"
"8266","30"
"8267","30"
"8270","30"
"8273","30"
"8276","30"
"8277","30"
"8280","30"
"8282","30"
"8283","30"
"8284","30"
"8285","30"
"8286","30"
"8287","30"
"8291","30"
"8295","30"
"8296","30"
"8297","30"
"8298","30"
"8300","30"
"8301","30"
"8302","30"
"8303","30"
"8304","30"
"8305","30"
"8307","30"
"8308","30"
"8310","30"
"8311","30"
"8313","30"
"8321","30"
"8322","30"
"8326","30"
"8327","30"
"8328","30"
"8330","30"
"8331","30"
"8332","30"
"8334","30"
"8335","30"
"8336","30"
"8341","30"
"8342","30"
"8347","30"
"8348","30"
"8350","30"
"8352","30"
"8354","30"
"8355","30"
"8360","30"
"8361","30"
"8365","30"
"8366","30"
"8368","30"
"8369","30"
"8370","30"
"8371","30"
"8374","30"
"8375","30"
"8376","30"
"8382","30"
"8384","30"
"8385","30"
"8387","30"
"8390","30"
"8393","30"
"8394","30"
"8397","30"
"8398","30"
"8399","30"
"8400","30"
"8401","30"
"8402","30"
"8406","30"
"8407","30"
"8408","30"
"8413","30"
"8415","30"
"8416","30"
"8422","30"
"8430","30"
"8431","30"
"8432","30"
"8433","30"
"8434","30"
"8435","30"
"8440","30"
"8443","30"
"8448","30"
"8449","30"
"8456","30"
"8457","30"
"8458","30"
"8461","30"
"8468","30"
"8470","30"
"8472","30"
"8474","30"
"8475","30"
"8478","30"
"8480","30"
"8483","30"
"8484","30"
"8488","30"
"8489","30"
"8492","30"
"8494","30"
"8495","30"
"8496","30"
"8497","30"
"8498","30"
"8499","30"
"8500","30"
"8501","30"
"8502","30"
"8503","30"
"8504","30"
"8505","30"
"8506","30"
"8507","30"
"8508","30"
"8509","30"
"8510","30"
"8511","30"
"8512","30"
"8513","30"
"8515","30"
"8516","30"
"8517","30"
"8518","30"
"8521","30"
"8548","30"
"8549","30"
"8550","30"
"8551","30"
"8552","30"
"8553","30"
"8554","30"
"8557","30"
"8560","30"
"8561","30"
"8564","30"
"8567","30"
"8572","30"
"8574","30"
"8576","30"
"8578","30"
"8579","30"
"8583","30"
"8587","30"
"8591","30"
"8594","30"
"8596","30"
"8604","30"
"8605","30"
"8607","30"
"8611","30"
"8612","30"
"8618","30"
"8619","30"
"8620","30"
"8622","30"
"8624","30"
"8625","30"
"8628","30"
"8634","30"
"8635","30"
"8637","30"
"8640","30"
"8647","30"
"8648","30"
"8649","30"
"8650","30"
"8651","30"
"8653","30"
"8654","30"
"8655","30"
"8660","30"
"8662","30"
"8666","30"
"8668","30"
"8669","30"
"8670","30"
"8672","30"
"8673","30"
"8674","30"
"8675","30"
"8677","30"
"8680","30"
"8683","30"
"8686","30"
"8689","30"
"8693","30"
"8694","30"
"8698","30"
"8700","30"
"8701","30"
"8703","30"
"8704","30"
"8707","30"
"8711","30"
"8712","30"
"8716","30"
"8717","30"
"8718","30"
"8720","30"
"8725","30"
"8726","30"
"8728","30"
"8729","30"
"8731","30"
"8732","30"
"8733","30"
"8734","30"
"8736","30"
"8738","30"
"8739","30"
"8741","30"
"8742","30"
"8745","30"
"8747","30"
"8748","30"
"8756","30"
"8758","30"
"8761","30"
"8767","30"
"8769","30"
"8772","30"
"8773","30"
"8774","30"
"8775","30"
"8776","30"
"8777","30"
"8778","30"
"8780","30"
"8783","30"
"8785","30"
"8787","30"
"8788","30"
"8790","30"
"8791","30"
"8794","30"
"8795","30"
"8797","30"
"8800","30"
"8801","30"
"8802","30"
"8804","30"
"8805","30"
"8806","30"
"8807","30"
"8811","30"
"8812","30"
"8813","30"
"8817","30"
"8819","30"
"8823","30"
"8824","30"
"8833","30"
"8850","30"
"8900","30"
"8902","30"
"8903","30"
"8905","30"
"8912","30"
"8913","30"
"8914","30"
"8926","30"
"8934","30"
"8935","30"
"8936","30"
"8938","30"
"8939","30"
"8941","30"
"8942","30"
"8943","30"
"8944","30"
"8946","30"
"8990","30"
"8991","30"
"8992","30"
"8996","30"
"9001","30"
"9004","30"
"9005","30"
"9007","30"
"9010","30"
"9012","30"
"9015","30"
"9019","30"
"9020","30"
"9068","30"
"9082","30"
"9092","30"
"9094","30"
"9095","30"
"9096","30"
"9189","30"
"9190","30"
"9194","30"
"9195","30"
"9204","30"
"9216","30"
"9219","30"
"9220","30"
"9221","30"
"9222","30"
"9224","30"
"9225","30"
"9226","30"
"9228","30"
"9232","30"
"9233","30"
"9235","30"
"9236","30"
"9237","30"
"9238","30"
"9242","30"
"9245","30"
"9246","30"
"9247","30"
"9248","30"
"9249","30"
"9250","30"
"9251","30"
"9252","30"
"9253","30"
"9254","30"
"9256","30"
"9257","30"
"9258","30"
"9259","30"
"9260","30"
"9263","30"
"9265","30"
"9266","30"
"9267","30"
"9268","30"
"9269","30"
"9274","30"
"9275","30"
"9277","30"
"9279","30"
"9280","30"
"9284","30"
"9286","30"
"9289","30"
"9291","30"
"9294","30"
"9297","30"
"9298","30"
"9299","30"
"9300","30"
"9301","30"
"9302","30"
"9303","30"
"9304","30"
"9306","30"
"9307","30"
"9308","30"
"9309","30"
"9311","30"
"9314","30"
"9316","30"
"9317","30"
"9318","30"
"9320","30"
"9321","30"
"9323","30"
"9324","30"
"9325","30"
"9326","30"
"9328","30"
"9330","30"
"9335","30"
"9339","30"
"9340","30"
"9342","30"
"9344","30"
"9345","30"
"9346","30"
"9347","30"
"9348","30"
"9349","30"
"9350","30"
"9351","30"
"9352","30"
"9355","30"
"9356","30"
"9357","30"
"9358","30"
"9359","30"
"9360","30"
"9361","30"
"9362","30"
"9363","30"
"9366","30"
"9367","30"
"9368","30"
"9369","30"
"9370","30"
"9371","30"
"9372","30"
"9373","30"
"9374","30"
"9375","30"
"9376","30"
"9378","30"
"9379","30"
"9381","30"
"9382","30"
"9383","30"
"9384","30"
"9385","30"
"9398","30"
"9399","30"
"9401","30"
"9402","30"
"9403","30"
"9404","30"
"9405","30"
"9406","30"
"9407","30"
"9408","30"
"9409","30"
"9410","30"
"9411","30"
"9412","30"
"9413","30"
"9415","30"
"9417","30"
"9418","30"
"9420","30"
"9421","30"
"9422","30"
"9423","30"
"9424","30"
"9425","30"
"9426","30"
"9427","30"
"9428","30"
"9429","30"
"9431","30"
"9433","30"
"9434","30"
"9438","30"
"9439","30"
"9441","30"
"9443","30"
"9444","30"
"9445","30"
"9447","30"
"9448","30"
"9450","30"
"9451","30"
"9452","30"
"9453","30"
"9454","30"
"9455","30"
"9456","30"
"9458","30"
"9459","30"
"9460","30"
"9461","30"
"9462","30"
"9463","30"
"9464","30"
"9465","30"
"9467","30"
"9468","30"
"9470","30"
"9471","30"
"9472","30"
"9473","30"
"9474","30"
"9475","30"
"9477","30"
"9478","30"
"9479","30"
"9480","30"
"9481","30"
"9482","30"
"9483","30"
"9484","30"
"9486","30"
"9488","30"
"9489","30"
"9490","30"
"9492","30"
"9493","30"
"9496","30"
"9501","30"
"9504","30"
"9506","30"
"9507","30"
"9508","30"
"9509","30"
"9510","30"
"9511","30"
"9512","30"
"9514","30"
"9516","30"
"9517","30"
"9518","30"
"9519","30"
"9520","30"
"9521","30"
"9524","30"
"9525","30"
"9527","30"
"9529","30"
"9530","30"
"9533","30"
"9535","30"
"9536","30"
"9537","30"
"9538","30"
"9539","30"
"9541","30"
"9542","30"
"9543","30"
"9544","30"
"9545","30"
"9546","30"
"9550","30"
"9551","30"
"9556","30"
"9558","30"
"9559","30"
"9561","30"
"9564","30"
"9566","30"
"9567","30"
"9569","30"
"9570","30"
"9571","30"
"9572","30"
"9573","30"
"9574","30"
"9576","30"
"9578","30"
"9579","30"
"9580","30"
"9581","30"
"9583","30"
"9584","30"
"9585","30"
"9588","30"
"9589","30"
"9591","30"
"9599","30"
"9601","30"
"9602","30"
"9604","30"
"9605","30"
"9606","30"
"9607","30"
"9609","30"
"9610","30"
"9612","30"
"9614","30"
"9616","30"
"9617","30"
"9619","30"
"9621","30"
"9622","30"
"9623","30"
"9624","30"
"9628","30"
"9629","30"
"9630","30"
"9631","30"
"9633","30"
"9634","30"
"9635","30"
"9637","30"
"9638","30"
"9639","30"
"9641","30"
"9642","30"
"9643","30"
"9644","30"
"9645","30"
"9647","30"
"9648","30"
"9649","30"
"9650","30"
"9651","30"
"9652","30"
"9654","30"
"9655","30"
"9658","30"
"9659","30"
"9660","30"
"9661","30"
"9662","30"
"9664","30"
"9665","30"
"9666","30"
"9668","30"
"9669","30"
"9671","30"
"9672","30"
"9673","30"
"9674","30"
"9677","30"
"9678","30"
"9679","30"
"9681","30"
"9682","30"
"9684","30"
"9685","30"
"9686","30"
"9687","30"
"9690","30"
"9691","30"
"9693","30"
"9694","30"
"9695","30"
"9696","30"
"9697","30"
"9698","30"
"9701","30"
"9707","30"
"9709","30"
"9711","30"
"9712","30"
"9715","30"
"9716","30"
"9718","30"
"9720","30"
"9721","30"
"9722","30"
"9723","30"
"9725","30"
"9728","30"
"9739","30"
"9744","30"
"9746","30"
"9747","30"
"9751","30"
"9752","30"
"9753","30"
"9754","30"
"9755","30"
"9757","30"
"9759","30"
"9760","30"
"9761","30"
"9763","30"
"9765","30"
"9766","30"
"9767","30"
"9768","30"
"9769","30"
"9770","30"
"9773","30"
"9774","30"
"9775","30"
"9776","30"
"9777","30"
"9778","30"
"9779","30"
"9781","30"
"9783","30"
"9784","30"
"9785","30"
"9787","30"
"9788","30"
"9789","30"
"9791","30"
"9792","30"
"9794","30"
"9795","30"
"9796","30"
"9798","30"
"9799","30"
"9801","30"
"9802","30"
"9803","30"
"9804","30"
"9805","30"
"9814","30"
"9830","30"
"9831","30"
"9833","30"
"9835","30"
"9836","30"
"9841","30"
"9842","30"
"9843","30"
"9847","30"
"9848","30"
"9850","30"
"9854","30"
"9856","30"
"9857","30"
"9858","30"
"9859","30"
"9860","30"
"9861","30"
"9863","30"
"9864","30"
"9865","30"
"9866","30"
"9867","30"
"9869","30"
"9877","30"
"9878","30"
"9880","30"
"9881","30"
"9882","30"
"9884","30"
"9886","30"
"9888","30"
"9891","30"
"9892","30"
"9893","30"
"9895","30"
"9896","30"
"9897","30"
"9898","30"
"9900","30"
"9901","30"
"9902","30"
"9904","30"
"9906","30"
"9908","30"
"9912","30"
"9914","30"
"9919","30"
"9925","30"
"9927","30"
"9928","30"
"9929","30"
"9930","30"
"9931","30"
"9932","30"
"9933","30"
"9934","30"
"9937","30"
"9938","30"
"9940","30"
"9941","30"
"9942","30"
"9943","30"
"9946","30"
"9954","30"
"9955","30"
"9956","30"
"9957","30"
"9958","30"
"9959","30"
"9961","30"
"9962","30"
"9965","30"
"9966","30"
"9967","30"
"9968","30"
"9969","30"
"9970","30"
"10009","30"
"10010","30"
"10011","30"
"10017","30"
"10018","30"
"10019","30"
"10020","30"
"10021","30"
"10022","30"
"10023","30"
"10024","30"
"10025","30"
"10031","30"
"10035","30"
"10042","30"
"10043","30"
"10046","30"
"10052","30"
"10053","30"
"10054","30"
"10055","30"
"10057","30"
"10060","30"
"10062","30"
"10064","30"
"10065","30"
"10068","30"
"10072","30"
"10073","30"
"10076","30"
"10078","30"
"10080","30"
"10082","30"
"10084","30"
"10088","30"
"10091","30"
"10185","30"
"10187","30"
"10345","30"
"10143","30"
"10117","30"
"10456","30"
